mean-speed,median-speed,std-speed,min-speed,max-speed,quartile1-speed,quartile3-speed,autocorr-speed,mean-acceleration,median-acceleration,std-acceleration,min-acceleration,max-acceleration,quartile1-acceleration,quartile3-acceleration,autocorr-acceleration,mean-turning-angle,median-turning-angle,std-turning-angle,min-turning-angle,max-turning-angle,quartile1-turning-angle,quartile3-turning-angle,autocorr-turning-angle,mean-curvature,median-curvature,std-curvature,min-curvature,max-curvature,quartile1-curvature,quartile3-curvature,autocorr-curvature,mean-centered-distance,median-centered-distance,std-centered-distance,min-centered-distance,max-centered-distance,quartile1-centered-distance,quartile3-centered-distance,autocorr-centered-distance,mean-normalized-bb,median-normalized-bb,std-normalized-bb,min-normalized-bb,max-normalized-bb,quartile1-normalized-bb,quartile3-normalized-bb,autocorr-normalized-bb,region(1),region(2),region(3),transition(1-2),transition(1-3),transition(2-1),transition(2-3),transition(3-1),transition(3-2),species
0.9330263462734874,0.9204467514322716,0.49008410440445704,0.16666666666666666,2.0275875100994063,0.44876373392787533,1.3743685418725535,0.10056125442081912,-0.002628203249328952,-0.08333333333333337,0.5324286642008865,-0.7775875100994063,1.5206906325745546,-0.31377092732556167,0.2230910784303372,-0.01881973915122137,10.63392882869254,0.0,51.356911590486355,-53.13010235415598,170.53767779197437,-11.309932474020213,11.309932474020213,-0.08014521818588,0.07010081552134029,0.026949453986368055,0.0953763515979256,0.0,0.408,0.011449360115926932,0.08432740427115679,-0.04535195808413928,89.347881367878,97.34974765814404,48.640289626899204,4.8321643724458045,186.07942050723898,47.13536275687399,126.34977907240176,-0.7899322999240659,1.4956456992866964,1.5333333333333334,0.405124780944154,0.46153846153846156,2.3734939759036147,1.173913043478261,1.7241379310344827,0.3608310794126278,0.0,0.0,1.0,0.0,0.0,0.0,0.0,0.0,0.0,shark
0.7967565719515648,0.768295371441074,0.2918759861903978,0.16666666666666666,1.21335164821342,0.5,1.1334558757279536,-0.07310404546827562,-0.09513338799702992,-0.1633996191838385,0.3797090001194512,-0.7274389903096448,0.4457823327211374,-0.33191830602232353,0.3788404475498356,-0.34659760086006774,4.750641201575632,12.528807709151511,17.48849439374617,-30.96375653207352,26.56505117707799,-6.340191745909909,17.102728969052375,-0.2686461011681323,0.07635974033727248,0.03935479640399629,0.09840174131082442,0.0,0.3127327140833984,0.019473252152754906,0.09965771865291032,-0.03660854586658548,19.492470848598114,19.648731234124746,10.397075243484869,0.38434362946486433,34.275739108793566,10.900316907579143,30.118731865989762,-0.19466973308507698,1.3370761628852046,1.263157894736842,0.13156394173703545,1.173913043478261,1.608695652173913,1.25,1.4375,0.0022843553245712194,0.0,1.0,0.0,0.0,0.0,0.0,0.0,0.0,0.0,shark
0.6574849875081352,0.6666666666666666,0.4582300318147506,0.0,2.0275875100994063,0.3333333333333333,0.8374896350934076,0.006512945409666137,-0.001508657822151034,0.0,0.3501888021408498,-1.16460687934946,1.5005412334046764,-0.15841504053393463,0.161619547334364,-0.0036110824700103217,-32.696337730350166,-10.304846468766033,106.74837602859206,-174.28940686250036,180.0,-153.434948822922,14.036243467926479,-0.04242894507841728,0.20842053657643902,0.01920986257003984,0.6162337778922781,0.0,4.0,0.005924287830823686,0.08297221102000092,-0.020325353054548124,92.26223154112003,83.01737899629879,53.30304851105403,10.529754726605418,215.1983040038069,46.69503296721956,138.84290252333244,-0.017335767445471884,1.7025568146817183,1.7608695652173914,0.4921107163276261,0.6444444444444445,3.0256410256410255,1.3333333333333333,2.0661290322580648,0.008430388091795131,0.0,1.0,0.0,0.0,0.0,0.0,0.0,0.0,0.0,shark
3.486663038366601,3.8369548110737797,1.033339359498214,1.0307764064044151,4.423736479995666,3.1515464740376378,4.347732486915194,-0.08876764453511898,-0.22810578299614062,-0.3403064305404575,1.108376587729129,-2.3117857932809516,1.4653325623082232,-0.6722961120210771,0.5867816689218865,0.09188765116075737,5.433727806156735,1.169139327907419,15.703358861715266,-14.036243467926479,46.97493401088198,-3.857423506451508,12.171458208587472,-0.04543904146986329,0.02022938056094428,0.0045347535144935214,0.035838562692742486,0.0004502112727366876,0.11730481210907608,0.0016310915700884791,0.009433494723396803,-0.6653749947266929,119.94121011214233,123.53915331279299,64.49889636051243,2.288206697218727,223.41355703904043,68.90109313416826,182.9071489220564,-0.9168628888493037,2.102222951914075,2.297653256704981,0.7476499317169167,0.18867924528301888,3.152542372881356,1.374387254901961,2.749253094323517,0.5528464498208202,1.0,0.0,0.0,0.0,0.0,0.0,0.0,0.0,0.0,tuna
0.6559711824581176,0.7861650943380504,0.24373114884765706,0.25,0.9753916592266354,0.42491829279939874,0.8498365855987975,0.011491319865415555,-0.013657448600112188,0.023845441128476585,0.401373270606042,-0.5998365855987975,0.6816949906249123,-0.4125713422940088,0.30353684686842286,0.009603467816185977,-7.278882551087653,5.710593137499642,33.09413185590329,-90.0,32.005383208083494,-21.80140948635181,11.309932474020213,-0.03426301777765993,0.1768259489232801,0.039600373441364065,0.3237419525640457,0.00886666803157416,1.1111111111111112,0.02361287784239778,0.18882351809998218,-0.07855957844158235,17.708443549118133,17.658991132778162,10.069487618693598,1.6510355439380884,37.65004539661735,9.457283123690042,23.86202104811092,-0.6369862922125338,1.4397234421813934,1.4827586206896552,0.165089824051868,1.1379310344827587,1.7419354838709677,1.3548387096774193,1.5714285714285714,-0.2403942139332494,0.0,1.0,0.0,0.0,0.0,0.0,0.0,0.0,0.0,shark
0.5511108977838807,0.5590169943749475,0.22633706979878726,0.11785113019775792,0.9316949906249123,0.44876373392787533,0.7453559924999299,0.1838770586232401,-0.07563277279970163,-0.18633899812498245,0.3195548632194035,-0.5744388813530061,0.41574255625497947,-0.29659225857205457,0.1854500516151093,0.009478563985234657,108.52124831991229,153.434948822922,100.09937655590089,-169.69515353123398,173.6598082540901,128.6598082540901,158.19859051364818,-0.0405594454981049,0.26309035764504035,0.02828124448258266,0.5307939149367316,0.003809116143624533,1.7677669529663687,0.02075071083119805,0.10592559670566722,-0.03182774726417798,15.673846354237742,16.03917426238328,7.297715776128767,3.744022028134452,29.310476486785525,8.26035884724663,21.25004620082233,-0.6150212354311275,1.056802845945277,1.0,0.3124593124998872,0.6825396825396826,1.9375,0.819672131147541,1.2093023255813953,0.6067866275777243,0.0,0.0,1.0,0.0,0.0,0.0,0.0,0.0,0.0,shark
1.6092613821062591,1.6749792701868151,0.6120782882307456,0.16666666666666666,2.4776781245530843,1.3359349618234497,2.163459164291195,-0.1710858991027559,-0.009283066919034777,-0.006303918738272962,0.38878655824454883,-1.006812757148047,1.1758975230229027,-0.16534119598066388,0.1848753758534838,-0.007454175978124598,-10.176116863281134,-9.462322208025617,69.30030693612373,-173.99099404250546,180.0,-18.43494882292201,-2.8624052261117474,-0.04279710731593714,0.060583480916301315,0.006161876018200969,0.24042973138043283,3.14018491736755e-19,1.5,0.0020552466991150434,0.010611882266212553,-0.017841704312920294,218.0977809514551,216.14919966329404,104.64004978177636,13.346070785705102,437.2880038454879,152.32605241612146,281.22511861878064,-0.2033547943439511,1.413030493278333,1.5,0.44003256004774843,0.3333333333333333,2.27027027027027,1.2554428500742207,1.7272727272727273,-0.27832364505018814,0.0,1.0,0.0,0.0,0.0,0.0,0.0,0.0,0.0,tuna
0.3133006917457452,0.3004626062886658,0.18485507446178656,0.0,0.7682953714410741,0.18633899812498247,0.44876373392787533,0.014661092781644982,0.0029026313985992436,-0.0631132760733929,0.25553844793399133,-0.6849620381077407,0.3956173751911091,-0.14699433520835084,0.2130614735323595,0.038457740129409425,9.012816377384445,0.0,106.9627651607324,-153.434948822922,180.0,-63.43494882292201,51.34019174590991,0.0907979544187718,0.47296088230285216,0.08944271909999157,1.2598036283059006,0.0,6.0,0.019209862570039846,0.3125,0.008738405064839626,7.750675028866489,8.087121246793702,3.21748072066454,0.9234682443096612,15.99573767986828,5.591452936833043,9.709540476754212,-0.04970085257052535,1.0406214365022113,1.048780487804878,0.1278840890183613,0.8,1.3142857142857143,0.975,1.135135135135135,0.31724987334815846,0.0,0.4624505928853755,0.3715415019762846,0.0,0.0,0.0,0.5,0.0,0.5,shark
0.4266892907055282,0.26352313834736496,0.3364267692594778,0.11785113019775792,1.4240006242195884,0.23570226039551584,0.5068968775248516,-0.03680844093229535,0.017583116912230384,-0.05473785412436499,0.48703512004542177,-0.9525961034285567,1.2376616260946058,-0.25021039750825924,0.2060113295832983,-0.025885186734359945,52.997953673517834,45.0,78.78151268004929,-161.565051177078,180.0,45.0,71.56505117707799,-0.049914726290990016,0.2492370337894504,0.08944271909999157,0.31357421366932614,0.005210736005307184,0.9838699100999074,0.044432158731177646,0.22097086912079608,-0.13894391160411915,14.467725283100437,14.900897850691987,4.239269383329355,5.988186568434425,24.934595526177148,12.278920632201032,16.329181307161807,-0.16008198976683866,1.2325353106957393,1.1627906976744187,0.3054093570083385,0.9459459459459459,1.7058823529411764,0.95,1.6388888888888888,-0.45847261763705804,0.0,1.0,0.0,0.0,0.0,0.0,0.0,0.0,0.0,shark
1.145872596558635,0.950146187582615,0.6486207437079861,0.25,2.243818669639377,0.5270462766947299,1.6029486718059454,-0.13514373183924436,-0.06681875640540609,0.0,0.9398188600152635,-1.871140673389412,1.6545630186505873,-0.5672026663326707,0.4833862299279025,0.05983328029454313,21.902719923457667,26.56505117707799,18.927780303424775,-18.43494882292201,90.0,21.370622269343183,36.86989764584402,0.2399925929460305,0.05662724829487819,0.022627416997969513,0.08044319305732826,0.00020404773515982525,0.4444444444444444,0.006198382322599521,0.11180339887498944,-0.07698322435899346,46.02892911838559,42.769058468200896,22.662923505354588,7.059068623195963,79.20692098661536,29.20365816731924,69.23815271481466,-0.7692576343654882,1.276920777264369,1.2040816326530612,0.18956711089216008,1.0142857142857142,1.6857142857142857,1.1666666666666667,1.4545454545454546,-0.2231096563063172,0.0,1.0,0.0,0.0,0.0,0.0,0.0,0.0,0.0,shark
0.731377598288682,0.37267799624996495,0.46964802231227365,0.37267799624996495,1.346291201783626,0.37267799624996495,1.346291201783626,0.47138538714435596,-0.9358660691453715,-2.049728979374807,1.4583888856943399,-2.049728979374807,0.973613205533661,-2.049728979374807,0.973613205533661,0.47138538714435585,65.18997470897902,63.43494882292201,2.297868276989486,63.43494882292201,68.19859051364818,63.43494882292201,68.19859051364818,0.5345224838248487,0.8478763214462763,1.3416407864998738,0.6464894390249969,0.001422952782965915,1.3416407864998738,0.001422952782965915,1.3416407864998738,0.594588077266413,12.854287908833664,14.412376749498934,5.620095827793382,4.896163551494747,20.841491461989833,7.377041962837124,18.192406803479717,0.6846209897683148,1.0795863532705634,1.3243243243243243,0.30480968212937304,0.7222222222222222,1.3428571428571427,0.7222222222222222,1.3428571428571427,0.46356146465028564,1.0,0.0,0.0,0.0,0.0,0.0,0.0,0.0,0.0,manta-ray
2.1556292263336907,1.863389981249825,0.6261762554612723,0.6718548123582124,3.2670492973187764,1.668228191322966,2.6990224567836076,0.11201573688297078,-0.018249895644319704,-0.007448094717451781,0.3169047449281119,-0.754582085027095,0.7646711437109572,-0.21412713413590584,0.22614975588411657,0.027190495272846834,4.270286117691714,5.440332031005506,11.050702803189136,-31.429565614838516,26.56505117707799,1.1933552033959405,9.462322208025617,-0.022453725144736706,0.006589304888658602,0.0036625003314746164,0.008425278203802157,0.0,0.030107556967025557,0.0015517846037548708,0.007499999999999999,-0.12161979522109279,180.05884435212445,181.74930466141024,97.79927747561614,4.577913191398803,351.3756501709963,98.5478548386617,258.2832995757646,-0.9633530615707708,0.9289199131996172,0.96875,0.14780155773427567,0.45454545454545453,1.2222222222222223,0.8601190476190477,1.0,-0.09372650752659473,0.0,0.5098684210526315,0.4868421052631579,0.0,0.0,0.0,1.0,0.0,0.0,tuna
0.6663811677365364,0.5068968775248516,0.522363167681345,0.0,2.652305077139925,0.26352313834736496,1.0034662148993578,0.04185456521719408,0.0012806572081992943,0.0,0.6124287416868667,-1.7021588895573099,2.3087129416717866,-0.30726200419074956,0.24566351552065124,0.004741476144470761,-9.86328328377716,-8.130102354155978,98.3761018639121,-171.86989764584405,180.0,-90.0,38.65980825409009,0.00047900558165648216,0.33828785545710227,0.05183417507497697,0.8576826918193787,0.0,6.010407640085654,0.009762332257154472,0.22216079365588823,-0.033005302112163785,102.61850746678132,100.25587132645404,53.07069333834314,15.533313390367883,211.32984860436864,56.97197442262133,151.57034277492724,-0.17684979492899724,1.4021120082021674,1.425,0.27288477313920145,0.56,2.076923076923077,1.1956521739130435,1.5806451612903225,0.009987464672368373,0.0,1.0,0.0,0.0,0.0,0.0,0.0,0.0,0.0,manta-ray
0.4007307004987731,0.3535533905932738,0.2653657405055747,0.0,1.4385563751360058,0.18633899812498247,0.5270462766947299,0.13317970146477282,0.002329970124645223,-0.019124605656691163,0.3277850445244365,-1.085002984542732,1.320705244938248,-0.12732200375003505,0.1464466094067262,-0.002778504442616521,-26.782351673012887,-23.198590513648185,88.97930958890008,-168.6900675259798,169.9920201985587,-108.43494882292201,8.130102354155978,-0.0200558045048969,0.28978716760340056,0.07566114050404801,0.5433550040695968,0.0,2.1213203435596424,0.010700101104544104,0.24596747752497689,-0.03787423585610377,30.215777413064796,23.364878539857518,16.203835331892904,8.079780813023351,89.18600544692612,20.075293715815235,37.86149901493583,0.10532260616668693,1.710081358396248,1.7241379310344827,0.25158512171010017,1.0,2.75,1.4782608695652173,1.92,0.03791405870641371,0.0,1.0,0.0,0.0,0.0,0.0,0.0,0.0,0.0,manta-ray
1.2417039705152149,1.2799463865566305,0.3508586683585085,0.754615428178118,1.6372402253657083,0.9446735040347869,1.5985709867203333,-0.2560503658565533,-0.019018922498899696,0.07322231418659209,0.4678020069922464,-0.8237857264374927,0.6337740104663505,-0.2780171020271841,0.3144458781304743,-0.2106267621281407,124.20866316494728,167.79126712561026,112.96645059654969,-173.6598082540901,175.2363583092738,159.93548452637106,173.46537090480868,0.007264203925551304,0.0178073826998203,0.019669652270939933,0.010206448524656261,0.004098351745023381,0.03298530466691138,0.007482096650211049,0.025874552387415106,-0.034037050030855526,34.06379571828939,34.0659361169148,20.049843491669158,0.5370314495239272,68.54758738359152,16.05878243946339,50.37914019237281,-0.7296609750501255,1.9614189053446989,2.0,0.1901745649058185,1.3870967741935485,2.2432432432432434,1.8159486016628874,2.108858858858859,0.4020614657492764,0.0,1.0,0.0,0.0,0.0,0.0,0.0,0.0,0.0,shark
1.178699790289344,1.1118053386771944,0.5895180118105466,0.26352313834736496,2.7550458758027565,0.6718548123582124,1.5920810978785667,0.10958666436145581,-0.012299635091876105,0.0,0.5468593321308937,-1.7400121492814105,1.5781451876417876,-0.29863555257995533,0.36885715571537525,-0.009025167201156307,14.43533402327741,6.340191745909909,25.072568280490223,-32.005383208083494,81.86989764584403,-3.4682292589171473,22.833654177917545,0.018357735985248612,0.033350893222429685,0.011449360115926939,0.07871841090021073,0.0,0.5059644256269407,0.0036166015222289147,0.027393203640613796,0.09370106555811569,184.80659151973057,191.39426829471054,90.46196087370586,30.62867701698566,386.00189243078165,115.4592366435762,252.3597036114245,-0.9345218093141239,1.3089777172981922,1.3793103448275863,0.4502027117850323,0.2857142857142857,2.1739130434782608,0.9607692307692308,1.6923076923076923,0.06883028418355874,0.0,1.0,0.0,0.0,0.0,0.0,0.0,0.0,0.0,tuna
1.500800379282025,1.2527746981977423,1.0012784522835034,0.23570226039551584,3.7785946829182113,0.7120003121097942,2.214221709264404,0.49053663146599435,0.1181392351630686,-0.06476034589314994,0.8971485268543937,-2.525819984720469,1.5286118465153637,-0.2493985012984763,0.5889472622918999,0.024439052759131722,-20.07421476386667,-19.025606037568686,23.003700413850318,-93.81407483429035,30.96375653207352,-29.74488129694222,-10.7842978675626,0.04401525845452363,0.03046704342498379,0.013178570183073165,0.03871252546779304,0.0005863887552722918,0.15893922868512358,0.0037417123695624587,0.04924246632122813,-0.11899482561955552,98.48871077534048,94.03431961853377,61.34657927553695,9.987873344543866,231.96636673256333,48.22818823813682,124.93745927203828,-0.9353095721990925,1.3235554237847387,1.2885699962401302,0.33090142651877114,0.8048780487804879,1.9268292682926829,1.0526315789473684,1.6161616161616161,-0.018793280670944157,0.0,1.0,0.0,0.0,0.0,0.0,0.0,0.0,0.0,shark
1.4790226664973505,1.2936812246883354,1.0333955025084873,0.11785113019775792,3.690264970914088,0.60667582410671,2.266911751455907,0.02492946699198615,0.05101921682399579,0.0968564716806983,0.8107732365918944,-1.6341318732712953,1.5656440053440706,-0.5970648615670848,0.488824693908952,-0.03638015429404739,-53.66669558968931,-61.38954033403479,38.02742661434718,-123.69006752597979,26.56505117707799,-72.89727103094764,-21.80140948635181,0.6097109127299963,0.2553048838293639,0.012958543768744243,0.7800088834302396,0.0006324555320336761,3.5355339059327373,0.003981698027990112,0.06324555320336758,-0.019558602317831474,100.50167399302512,94.42334020790437,52.51610750155607,22.41844027797296,231.6710572604816,63.481671318620656,124.1063331612005,-0.8602329720191728,1.0077499930402076,1.0657894736842106,0.3301496737799751,0.5581395348837209,3.4444444444444446,0.7078234265734266,1.146565082644628,-0.10000870581611108,0.0635593220338983,0.5677966101694916,0.3008474576271186,0.25,0.0,0.5,0.0,0.0,0.25,shark
1.4379970843158032,1.0172129679778086,1.1998240485230403,0.11785113019775792,4.263051854142888,0.4166666666666667,2.3570226039551585,0.1800162829700734,0.07875999919360242,0.043988670416701736,0.8992813714680629,-1.9146234500277428,2.3176155991547622,-0.7154822031355754,0.7672129679778086,-0.008153685702819009,-18.085753545580552,7.594643368591445,127.04706705532404,-178.40885972880542,180.0,-170.13419305691565,63.43494882292201,0.11237882689498088,0.1649523228332308,0.016370833961546392,0.2711901059781366,0.0,0.7589466384404109,0.0011514893619183901,0.10872856606600959,-0.0070335077929727366,97.7671349096361,81.3143783779158,64.7817169022294,13.099552673301027,285.1221964999516,55.36150998395254,99.32532742609155,0.7744918227399682,1.275021715779374,0.9444444444444444,0.7241266973970937,0.6626506024096386,2.980952380952381,0.7111111111111111,1.9270833333333333,0.08776156096099119,0.0,0.0,1.0,0.0,0.0,0.0,0.0,0.0,0.0,shark
1.0141058343476315,0.8498365855987975,0.5407228779195586,0.18633899812498247,2.3348209543536504,0.5892556509887896,1.4385563751360058,0.031110804379772296,0.0117756639513167,0.09023021085818489,0.6734727821289159,-1.7660330978485363,1.2409681684935967,-0.40407148348300875,0.5891549167562422,0.01884782053761698,15.652703980510795,26.56505117707799,140.93948518298032,-177.6140559696112,180.0,-137.72631099390625,168.6900675259798,9.786026958335547e-16,0.1476028549910274,0.017174040173890407,0.42376003259572237,0.0002810136458973165,2.0329319959113237,0.004313370557832616,0.04179787394437378,-0.08994289119451815,71.08289151025181,72.99509758461568,30.245277549864323,17.45381340465232,140.26288425044893,46.37937645056873,83.697997469752,0.18532197952545715,1.8952870718701778,1.8666666666666667,0.6468140690904186,0.953125,3.276595744680851,1.265625,2.4651162790697674,-0.03596810256489184,0.9925373134328358,0.0,0.0,0.5,0.0,0.5,0.0,0.0,0.0,shark
1.1106689502085512,0.8333333333333334,0.8407528650652016,0.08333333333333333,2.946278254943948,0.3435921354681384,1.7400510848184252,-0.07551494413108772,-0.00043603719594762365,-0.052240296549433796,0.692732959151811,-1.7531264996709186,1.6488872973371207,-0.29863555257995533,0.33904525348053044,-0.02216328548056464,-28.75295993565731,-116.56505117707799,147.8164812189691,-177.3974377975002,180.0,-162.12130340415865,153.434948822922,0.026882472707692263,0.14062491564788115,0.019209862570039846,0.28110822268704766,0.0,1.4310835055998652,0.0056918111318636595,0.15652475842498526,0.01572399904066024,209.0540593239212,194.4841962895459,112.41913674152684,4.256202079979079,483.39691870094737,150.49471310490722,225.6453950601197,-0.869266772743758,1.8733396261471187,1.7372735116479725,0.8170615551031379,0.9130434782608695,4.285714285714286,1.1238095238095238,2.207547169811321,0.07624370896295533,0.2577903682719547,0.7322946175637394,0.0,0.42857142857142855,0.0,0.5714285714285714,0.0,0.0,0.0,manta-ray
3.1633689683415076,3.1841621957571333,0.2997908402732848,1.9002923751652299,3.5049568074688486,3.084459253886958,3.3176715395657306,-0.00033937309237785956,-0.0002866137343244901,-0.04585743778818685,0.4400805077512692,-1.4173791644005007,1.111777342930699,-0.17727602863362213,0.23552786026477834,0.09445425593673888,33.20488013560833,34.99202019855866,11.952463230605908,13.324531261890785,48.239700296102136,22.06789956241022,43.87669728592458,-0.19557457762275143,0.002571384942546172,0.001531505388616522,0.002947232574421283,3.512670573716456e-05,0.013324535293318333,0.00047577283239966044,0.0037241225374221487,-0.036253297537363754,199.85299957179126,196.36612053864195,112.06410126639149,24.310714284582147,402.6827688005542,101.38694443821431,294.7348128043239,-0.971972493405275,1.263359008965449,1.15,0.35415176297145573,0.2702702702702703,2.1794871794871793,0.9850746268656716,1.553191489361702,0.11082228649559989,0.084,0.464,0.44,0.5,0.0,0.0,0.5,0.0,0.0,tuna
0.8981212973907926,1.0034662148993578,0.4694341259776659,0.08333333333333333,1.509230856356236,0.4166666666666667,1.419115530493867,-0.2676205368553387,-0.010696171164646108,0.0,0.5240100679830211,-0.902555032249526,1.136552860106271,-0.28934466291663163,0.2230910784303371,0.0049598823908600315,-4.651436270761162,3.576334374997351,26.63343672470875,-90.0,26.56505117707799,-9.462322208025617,6.709836807756933,-0.05753397705715211,0.25282840487036695,0.020990493545866046,0.692842737036834,0.0,3.0,0.003640756001275128,0.05701759258247466,-0.19750270295200303,78.31009335147809,84.53846180475152,36.03670102972281,4.983060243745206,136.84356414579003,51.856498495189825,109.70609594550129,-0.8363336071443225,1.8971095995942797,1.7692307692307692,0.24008187559041116,1.6129032258064515,2.3333333333333335,1.7586206896551724,2.2162162162162162,0.02839352547684313,0.0,0.0,0.9896907216494846,0.0,0.0,0.0,0.5,0.0,0.5,shark
1.0685887312758302,1.092610680827685,0.6132356302475634,0.11785113019775792,2.429563289518875,0.6077473882901767,1.4391291833089321,-0.013584639607587708,0.024511375481968106,-0.09439848491505942,0.6628248149231408,-0.8545108504025299,1.4256329164435213,-0.5684877143676437,0.5067533264369601,-0.0341352278825426,10.170244813327836,20.816769668285097,133.71762822852767,-161.565051177078,180.0,-134.56048359287556,141.6412627942695,-0.07396028052715173,0.25837597005336754,0.025953999876310713,0.7448042945902029,0.0014930465059465482,3.535533905932737,0.008083969588889501,0.09396119026271213,-0.07913822844226481,76.96650783580259,78.96571820815075,31.544622155657745,18.41717119133644,156.40752536103494,52.148138901523176,90.79756937797069,0.12154366726391078,1.936770664782948,1.8956442831215972,0.7587670236450876,0.7435897435897436,3.8095238095238093,1.2629421915444348,2.6059027777777777,0.052200380683563044,0.9861111111111112,0.0,0.0,0.5,0.0,0.5,0.0,0.0,0.0,shark
1.2571217937638166,1.3333333333333333,0.6280004424924952,0.08333333333333333,3.0046260628866577,0.75,1.6029486718059454,0.052740130428056115,-0.024320032678558576,0.0,0.4094346939159984,-0.9146366955559153,0.9892515598503774,-0.31607910108320647,0.2535036745597521,-0.0032335915051137235,-6.3383860714047175,-5.35582504285519,132.9382627260262,-177.13759477388825,180.0,-156.03751102542182,164.05460409907715,-0.00429036729987792,0.09690658962705187,0.006944444444444444,0.4004630606914843,0.0,3.0,0.0027586127882113522,0.022106637913835974,-0.0430547408338852,100.72534017177045,106.94251998981926,47.49929430901472,12.887389658125349,206.7186198539157,58.09240002834506,141.5078014100476,0.07041021154248525,1.3465443048906656,1.2857142857142858,0.5241693948618626,0.35294117647058826,3.0416666666666665,0.9090909090909091,1.7619047619047619,0.03374993008603999,0.0,1.0,0.0,0.0,0.0,0.0,0.0,0.0,0.0,tuna
1.667338450131244,1.7340543372237343,0.6554928219266862,0.16666666666666666,2.8012893856619354,1.343709624716425,2.1098314835286938,0.26145491447960756,-0.041889751113602325,0.02781582955046291,0.7598060259043342,-1.696723314583158,1.1598130853625845,-0.5253998999449556,0.4946023010809173,-0.01233547929263917,-10.358567526915474,-90.0,146.6105168895564,-161.565051177078,180.0,-144.78240703180728,161.565051177078,0.1211699519650235,0.07561962013527757,0.02058605626903214,0.21167145575858198,0.001425158565554102,1.0,0.012164209797598859,0.04288475343935132,0.0819302220915722,94.63884950623135,97.57848701289925,40.6664097841996,24.849679487766412,177.7976250109478,56.38470813290175,130.19812216422002,-0.19902704278165956,1.4530522989730215,1.4473684210526316,0.21510324759542812,1.1162790697674418,2.033333333333333,1.2619047619047619,1.591891891891892,-0.017861482481791233,0.32113821138211385,0.6747967479674797,0.0,0.0,0.0,1.0,0.0,0.0,0.0,manta-ray
0.9033500857904447,1.0,0.30063845830882424,0.4166666666666667,1.2018504251546631,0.60667582410671,1.1785113019775793,0.2493014205362609,-0.04343678812347474,0.04115140205598666,0.3828673571879411,-0.7851837584879964,0.7618446353109125,-0.32867471637878176,0.19000915744004326,-0.0818295620011306,-11.651146285232992,0.0,30.108755585671798,-74.05460409907715,33.690067525979785,-36.86989764584402,11.309932474020213,0.4223132349207836,0.05472551729512378,0.019984402353277243,0.08540379431576901,0.003535533905932737,0.3199999999999999,0.007542928274545537,0.057017592582474665,-0.07672469608187688,29.92188581608369,31.766220103421176,16.139909074360677,1.07142633107808,52.76299110604467,16.290248684107638,45.621220054450376,-0.6883987812688921,1.6155150642358074,1.5161290322580645,0.3414049472682787,0.9655172413793104,2.4210526315789473,1.368421052631579,1.8076923076923077,0.06275120895177005,1.0,0.0,0.0,0.0,0.0,0.0,0.0,0.0,0.0,manta-ray
1.1352040318979244,1.1785113019775793,0.6085802350724122,0.08333333333333333,2.781386544713106,0.6871842709362768,1.419115530493867,-0.051287679325236965,7.193680468959006e-05,0.03451779686442459,0.5532746201717422,-1.3723462213630284,1.3622710142192391,-0.26025880213480507,0.21163375241091287,-0.008667539334660867,63.80206990964179,32.47119229084849,88.64861557106873,-173.6598082540901,180.0,0.0,161.565051177078,0.20572180971765638,0.12066811978863984,0.019798989873223326,0.34633211130625025,0.0002943319049724507,2.0,0.004769767873548338,0.04737615433949866,-0.0947201168668384,84.42336372214615,82.60168837060381,37.49877397453762,30.740003782781724,200.90389631696473,55.6977461094643,101.71101223949772,-0.145325223532904,1.5702181965896196,1.490566037735849,0.3916050312188253,0.9056603773584906,2.58974358974359,1.263157894736842,1.8438852813852813,0.025093402655988972,0.14137214137214138,0.841995841995842,0.0,0.5,0.0,0.5,0.0,0.0,0.0,manta-ray
0.3661896904068338,0.3333333333333333,0.23142776544181318,0.08333333333333333,2.0632364005233246,0.23570226039551584,0.42491829279939874,-0.023504395285274246,-0.002613310938569234,0.0,0.32161256634066804,-1.7627737942346589,1.5773237426195494,-0.09977894658185837,0.16139515445203378,1.1326170507784857e-16,77.29925461021782,158.19859051364818,138.58958063947367,-171.86989764584405,180.0,-68.19859051364818,180.0,0.007057796088592623,0.27446149145372517,0.075534669843002,0.7308906663046062,0.0,6.0,0.022216079365588823,0.17888543819998315,-0.028726429746207913,116.63878011548199,126.05893102950034,59.694343055688734,2.0169168764373344,218.26936298613444,68.98855288331525,168.02237406515178,-0.8208819729279756,2.0053795660620417,1.9696969696969697,0.707898004149305,0.575,3.566666666666667,1.5,2.607142857142857,-0.2625662225488604,0.0,1.0,0.0,0.0,0.0,0.0,0.0,0.0,0.0,shark
1.2565125049547503,1.2610621625351297,0.6440947281894249,0.11785113019775792,3.5089172119045497,0.7905694150420949,1.565691185671328,-0.05572283043871787,-0.002026795619947227,0.0,0.8125289982141876,-2.577222221279637,3.391066081706792,-0.25759594763577187,0.10036313943645325,0.021444588516185737,2.005628389085358,4.763641690726177,36.62308468363408,-153.434948822922,135.0,-4.763641690726177,12.528807709151511,0.017923156292048936,0.12681883282142514,0.017787811838447132,0.40451019299806956,0.0,2.414953415699773,0.003389592506221421,0.04216370213557839,-0.07368193440197379,156.76462769930225,171.15731785286766,91.43902826578804,6.489275374435416,297.97801891647185,72.21734884831095,234.0830025707219,-0.9465748567712764,1.8173679156596727,1.8780487804878048,0.25229216394019105,1.1290322580645162,2.2222222222222223,1.6666666666666667,1.9555555555555555,-0.1463925313218386,0.0,1.0,0.0,0.0,0.0,0.0,0.0,0.0,0.0,shark
1.315019890400233,1.4766704288891126,0.6594097514796989,0.11785113019775792,3.3426951866885966,0.7861650943380504,1.7579185924774154,0.0020900433817920365,0.010699306931329767,0.01032041115153981,0.716104948327984,-1.7571703874852258,2.5565300923505463,-0.25320040086710793,0.32934118246827215,-0.006065271339401523,15.941397084636607,13.3924977537511,20.6857192151194,-21.80140948635181,90.0,3.01278750418334,26.56505117707799,-0.07165651005288792,0.0939315249375036,0.011314392411818306,0.36835243729679934,0.0,2.4748737341529163,0.005590169943749472,0.03999999999999999,-0.05208197523230847,185.14458348237162,174.67224945892667,93.91127989300118,13.091549434877686,398.8925040933215,122.76546126856854,250.77394093343582,-0.9500023804002459,2.148056527544193,1.5806976744186048,1.6569008896630155,0.39285714285714285,8.7,1.3163875598086126,2.089543269230769,0.06575476916991008,0.0,0.3849056603773585,0.5283018867924528,0.0,0.0,0.0,0.6666666666666666,0.0,0.3333333333333333,tuna
0.6357395644805689,0.754615428178118,0.3581499253455209,0.08333333333333333,1.1785113019775793,0.3004626062886658,1.0034662148993578,0.08798834598936889,0.03016183020300692,0.0,0.5026440295372822,-1.0118446353109125,0.966789209061287,-0.25917832687158515,0.24885078672123984,0.02871727644919399,46.25671882773395,111.80140948635182,129.33083179727467,-173.6598082540901,180.0,-96.3401917459099,162.89727103094762,-0.08700144120708045,0.5004420512865493,0.11180339887498945,0.9879095987885657,0.0011108039682794428,3.5,0.05097274280677833,0.2346808522491354,-0.13310201389070608,21.64134367852547,20.87544893294359,12.665034746938405,0.22188514326242018,48.38813279285493,13.725712329884614,26.901733904543303,-0.41044783769423554,1.6959571697245552,1.6551724137931034,0.2207245994440466,1.2413793103448276,2.0384615384615383,1.5555555555555556,1.8620689655172413,0.22339663849179603,1.0,0.0,0.0,0.0,0.0,0.0,0.0,0.0,0.0,manta-ray
0.36050200338748484,0.4166666666666667,0.11378779494636543,0.16666666666666666,0.5068968775248516,0.26352313834736496,0.42491829279939874,-0.09999999999999999,0.003477898172435967,-0.00825162613273206,0.14682544578015413,-0.25,0.1633047420567132,-0.08197858472545283,0.15314352831930172,-0.2158205970685556,-72.28072356445486,-143.13010235415598,127.8693991474294,-170.53767779197437,180.0,-168.6900675259798,0.0,0.2070494139969682,0.033533611720045514,0.03999999999999999,0.03673664033831075,0.0,0.158113883008419,0.007542928274545536,0.039999999999999994,0.22810069839766922,5.091441824757552,4.421153695586695,2.9059610490840204,0.40816663263918,11.518966967571329,2.8118677067031674,7.467687098693735,0.19345880347744743,1.7315993381695198,1.6726190476190477,0.19713201595874522,1.3548387096774193,2.0952380952380953,1.5909090909090908,2.0,-0.07086294511337658,0.0,1.0,0.0,0.0,0.0,0.0,0.0,0.0,0.0,shark
0.4931464394871244,0.5068968775248516,0.24177059461519193,0.08333333333333333,0.8374896350934076,0.3004626062886658,0.6718548123582124,0.16184066147525972,0.021367180982198225,0.08235877346393805,0.1727507034969189,-0.37139220606954665,0.24337373917748661,-0.161619547334364,0.15236892706218252,-0.01863058323386818,63.31996942194067,161.565051177078,143.27733273423033,-171.86989764584405,180.0,-90.0,172.8749836510982,0.013022354425649703,0.301488033096397,0.03676955262170046,0.7974343665289079,0.003816453371975647,3.0,0.019999999999999993,0.125,-0.07055783276773755,20.964417720804573,20.939714439703483,12.076886521775215,0.5101100321479176,47.11690852961127,11.125655587195658,25.562875679767117,-0.23464401411185426,1.4586830926277943,1.3103448275862069,0.2345138279225933,1.0357142857142858,2.0476190476190474,1.2903225806451613,1.6220238095238095,0.5514887201503855,0.0,1.0,0.0,0.0,0.0,0.0,0.0,0.0,0.0,manta-ray
0.3611923770522375,0.3435921354681384,0.15217836577943814,0.0,0.9204467514322716,0.26352313834736496,0.42491829279939874,-0.0093585179144119,-0.0008140916262604718,0.0,0.18764542452956717,-0.5871134180989384,0.5768546159641332,-0.09359213546813838,0.09359213546813838,0.01933119052974212,2.5105912295063777,9.462322208025617,49.124312401269215,-165.96375653207352,180.0,-5.194428907734806,14.036243467926479,0.008033758176854866,0.17401978116551642,0.06324555320336758,0.472232767345423,0.0,3.0,0.028533602945450938,0.12649110640673517,-0.07644401703441367,41.13054964409027,44.67048218196838,20.886081069319367,1.3967706571030243,71.18609456331788,24.639623303869755,59.774200192663265,-0.8186387557607151,2.0866872559205065,2.2439024390243905,0.2847838581071157,1.024390243902439,2.4,1.9529346622369879,2.272727272727273,-0.3591005006411361,0.0,1.0,0.0,0.0,0.0,0.0,0.0,0.0,0.0,shark
0.8660510655340239,0.9204467514322716,0.2492996221058731,0.26352313834736496,1.0833333333333333,0.8374896350934076,1.0540925533894598,-0.408248290463863,0.08182154702183721,0.02924077994387342,0.29516400604810983,-0.2458436982399257,0.7905694150420949,-0.0867995482326912,0.08301946346708622,0.03649462004660538,-35.076943771494236,-161.565051177078,169.1754107803124,-175.2363583092738,180.0,-174.8055710922652,180.0,0.0013582164229613732,0.02098072244973617,0.01185854122563142,0.029645007025451062,0.0005727274472671725,0.09486832980505137,0.0007420962790370366,0.023668639053254437,0.21456259443171358,21.738804823445893,22.048986534155368,13.186140019375019,0.21157434887992604,46.077076053262616,10.548783681139177,32.0836465051875,-0.7409483360783169,1.9629601507130363,2.0,0.09754714685845338,1.606060606060606,2.096774193548387,1.905701754385965,2.0285714285714285,-0.01227598629815349,0.0,1.0,0.0,0.0,0.0,0.0,0.0,0.0,0.0,shark
1.4031116934466648,1.2527746981977423,0.7612642049566766,0.26352313834736496,3.4258007985157444,0.8498365855987975,2.0,-0.02795156338029638,-0.013786303391567454,0.010153388162730814,0.8323989776325516,-2.8191249744090343,2.9189039209908927,-0.2493084832983845,0.3162428991460601,0.005496249032708123,85.35916415806277,173.2236948898061,144.17596019215193,-176.42366562500266,180.0,-18.43494882292201,176.18592516570965,0.022356201983148194,0.049727276130417185,0.010034355492521504,0.11909332534855631,7.35829762431129e-05,0.6957010852370434,0.0025156834396475826,0.04081632653061223,-0.020743639030672667,168.98341559653818,189.230824730617,95.99328564573742,5.443933374893358,323.5944075185122,84.66140306967628,256.51969335171316,-0.9235676892953999,1.8607625208969303,1.9304295220810648,0.4642614893020746,1.1176470588235294,2.52,1.409043659043659,2.326923076923077,0.18063446533877253,0.0,1.0,0.0,0.0,0.0,0.0,0.0,0.0,0.0,shark
0.938112901938423,0.8333333333333334,0.6774927828385849,0.11785113019775792,3.515837184954831,0.5068968775248516,1.0069204977995476,-0.016573606514097457,-0.03089917056679697,-0.09023021085818489,1.0520867825424145,-3.1825038516214974,3.3294981868298485,-0.32969713537871925,0.31044335839867765,0.00624177255781215,96.53956094631955,173.6598082540901,141.1138188164003,-174.8055710922652,180.0,138.3664606634298,180.0,-0.009048939114308152,0.1150413725027628,0.02140020220908821,0.31281141872629037,0.0,1.7677669529663687,0.003955244677125636,0.04925456046497682,-0.06231673031078634,88.50909005951299,90.60723800256946,45.78000250449368,2.9598677841100325,176.50578177789657,50.301711001072015,128.10778015789847,-0.8835178884876103,2.082669483166356,2.0392156862745097,0.3120443662897136,1.5142857142857142,3.3461538461538463,1.8620689655172413,2.236842105263158,0.014905545614546278,0.0,1.0,0.0,0.0,0.0,0.0,0.0,0.0,0.0,shark
0.970615121912562,0.9501461875826149,0.4567396352426193,0.18633899812498247,1.5920810978785667,0.6009252125773316,1.509230856356236,-0.13347107584414108,0.021169443143685077,0.0,0.3772752351073488,-0.6581415259442335,0.9001947360754589,-0.12952069178629988,0.18185081614154097,0.023793143227895427,0.5550120363624885,6.340191745909909,21.209301996117414,-56.309932474020215,45.0,0.0,6.709836807756933,-0.09997389489294405,0.0863253111784593,0.006767338136888563,0.2118186199522262,0.0,0.8944271909999159,0.0003366814819355075,0.042669245863479165,-0.16063480436467928,58.39817053098113,63.532570979841886,27.64847439188064,0.47704853908378264,100.27243344330476,37.22694391279551,82.98185087902435,-0.7461632073491102,1.7551570606937152,1.85,0.3243013272560093,0.972972972972973,2.1707317073170733,1.4922077922077923,2.0,0.10733247773247206,0.0,0.014925373134328358,0.9104477611940298,0.0,0.0,0.0,0.5,0.0,0.5,shark
2.7622857424420006,2.5873624493766707,1.6291860464880443,0.6718548123582125,5.011098792790969,1.2304019216861166,4.53765113002066,0.3691439418722476,0.19704285687989423,0.14666932108739372,0.5947760603777765,-2.605857842171319,1.2829894625017932,-0.11871460268388234,0.6396466055109116,0.02521900511401847,63.56758593936664,151.69924423399362,153.82389502054198,-178.9769698113322,178.02506598911802,-172.61395684873276,167.47119229084848,0.06607630801393763,0.005139650029108395,0.0018457769470072581,0.00797630129653374,0.0,0.028623400289817327,0.0011515004456479113,0.0035136418446315306,-0.04187322483295982,172.26095917933893,156.1232751946951,101.09371457450914,25.05042650159578,408.5431625559171,100.96817464788604,204.39497303933652,-0.9499759241339609,1.2086281192542465,1.2299154334038054,0.43044555245863597,0.3448275862068966,2.111111111111111,0.7666666666666667,1.5714285714285714,-0.1674562149301702,0.0,0.0,1.0,0.0,0.0,0.0,0.0,0.0,0.0,tuna
1.413959006330252,1.1606990230986765,0.8420530041220087,0.3004626062886658,3.6609804394147996,0.8498365855987975,1.6770509831248424,-0.041732687103176805,0.06324073210717908,0.06510733424487869,0.9446015316262948,-3.3605178331261336,1.6609711097013045,-0.2513017655970202,0.6747863651949013,-0.01970987562391259,-52.48086682290113,-41.18592516570965,41.63778328810285,-167.7352262721076,0.0,-88.21008939175394,-21.037511025421818,0.31339594101567203,0.0832995089947052,0.008227690870229003,0.2603275691805213,0.000778409221191581,1.2587427529726354,0.0035355339059327355,0.025807386654771253,-0.09410653467220233,87.62136376706306,70.89997539570174,45.766772031988744,40.93970987249962,203.37451457293704,47.728815661447584,109.81128145838892,-0.8188407405475717,1.074249267071746,1.2244897959183674,0.35307704265883716,0.4358974358974359,1.6571428571428573,0.7331210191082802,1.3191489361702127,0.5215969737383178,0.04710144927536232,0.9420289855072463,0.0036231884057971015,0.0,0.0,0.5,0.0,0.0,0.5,shark
0.5637058000113128,0.42491829279939874,0.44904484705659575,0.08333333333333333,2.3333333333333335,0.18633899812498247,0.7682953714410741,-0.0033221756667569055,0.00387548907090368,0.0,0.5290941002093905,-1.1754144312119,1.989741197865195,-0.25,0.2828707270446676,0.0015694701861127096,-19.303528679552606,-9.462322208025617,86.03923038929048,-171.86989764584405,180.0,-90.0,3.576334374997351,-0.010908206709428596,0.31285849042210134,0.06400386879521874,0.8208902924333823,0.0,6.0,0.008264462809917356,0.2222222222222222,-0.03930176158962357,79.9184359307547,69.83829049649721,49.3646536265381,18.9816418827258,234.5215206279692,45.417762858924476,85.456256886097,0.5836653676168099,2.211797436204838,1.9166666666666667,0.9526505944974559,1.2162162162162162,4.361111111111111,1.4482758620689655,2.650166852057842,0.0436879859876228,0.0,0.0,1.0,0.0,0.0,0.0,0.0,0.0,0.0,shark
1.632212405997553,1.7519830034690533,0.4298125996966636,1.096078869830492,2.288255036290997,1.3437096247164249,2.1730674684008826,-0.4450647624759934,0.22331521462956913,0.2476307548859329,0.5357667338244623,-0.6559041336385614,0.8293578436844578,0.1151875678901142,0.499208305271311,0.0,12.029010119875844,169.5085229876684,173.5740117708018,-172.8749836510982,177.27368900609375,-171.2538377374448,175.6012946450045,-0.38684693146686416,0.008266122871369555,0.003874084567774159,0.008900797733580454,0.0014311700144908671,0.024170939693545557,0.0036707649267520865,0.004737136695821995,-9.961786977623477e-16,25.238283360411813,18.57013612108311,18.316956734128965,2.6751863901833497,67.56791612066255,10.740882048113672,38.460954592883354,-0.3123506186808642,2.855269676877202,2.857142857142857,0.5320383263145461,2.12,3.473684210526316,2.2746153846153847,3.375,-0.054865906566838804,1.0,0.0,0.0,0.0,0.0,0.0,0.0,0.0,0.0,manta-ray
1.5117405123814665,1.4766704288891126,0.5659951411168044,1.1606990230986765,3.0561868034820416,1.1606990230986765,1.4766704288891126,0.5797611337324915,-0.029659719584365776,0.31597140579043614,0.7677426735368714,-0.7775848685034914,1.579516374592929,-0.7775848685034914,0.31597140579043614,0.6889339987846537,16.71161959807803,158.96248897457818,161.3127124530811,-163.61045966596524,168.9964591482505,-163.61045966596524,158.96248897457818,1.3816663592276975e-16,0.016767113695238752,0.009252038126517245,0.009165006638793247,0.006061606805264472,0.026958565986453832,0.009252038126517245,0.026958565986453832,-0.024129002666983968,22.31321333621188,14.689886725593395,16.268078936436826,5.111370202215689,51.06194457495201,8.65152610618372,35.907568878905906,0.8144284848012056,1.5450663066080361,1.7551020408163265,0.3327669773762044,0.8857142857142857,1.8,1.500330687830688,1.7826086956521738,-0.12202737468455596,0.7407407407407407,0.0,0.0,0.0,0.0,0.0,0.0,0.0,0.0,shark
2.123549932688269,2.23606797749979,1.0663238361248655,0.768295371441074,4.266308578723402,0.768295371441074,2.473470346609305,-0.31273162559344336,-0.02510089954587535,-0.6942926215153973,1.4576275126644525,-1.705174975168231,2.0302406012236123,-1.705174975168231,1.4677726060587157,-0.08353694019687113,41.50982758796184,32.61924307119282,23.880829183127812,12.407418527400745,77.47119229084849,26.56505117707799,77.47119229084849,-0.42746502148474363,0.07662791643609472,0.009938079899999064,0.10916143959175369,0.002504025492658605,0.24627987270000382,0.004550751268046302,0.24627987270000382,-0.3608380293882183,33.26964953265741,20.345756866855705,26.870300993475887,8.723741665080079,88.6882819821578,9.905506208894066,52.1550555793511,0.5634163772375362,2.16713577336098,2.0804597701149423,0.3173849148311227,1.6888888888888889,2.688888888888889,1.9787234042553192,2.101449275362319,-0.12121126493828843,0.3902439024390244,0.5853658536585366,0.0,1.0,0.0,0.0,0.0,0.0,0.0,shark
0.9969234012030124,1.0137937550497031,0.51067314291289,0.26352313834736496,2.0833333333333335,0.6718548123582125,1.1118053386771944,-0.0883784896481084,-0.016024093881482,-0.3589215940462026,0.6427201899953656,-0.971527994656139,1.066120365355525,-0.44847717376242924,0.6714856775951741,-0.04379523173761897,6.063730547721152,7.125016348901798,39.33012037519458,-63.43494882292201,69.44395478041653,-14.036243467926479,34.99202019855867,0.26051687682752805,0.12086450402561319,0.037037037037037035,0.18362218907372463,0.006048020889737882,0.6640783086353595,0.014429730476235272,0.1373923213911232,-0.01405630530402734,40.69448021036157,39.78700101554187,23.989508292719357,3.1664136178544293,84.45031196356462,17.527927650985898,60.99452331710769,-0.7858944290568326,1.4926692748532473,1.53125,0.1588418076799046,1.1666666666666667,1.8461538461538463,1.4,1.5757575757575757,-0.04775868267790954,1.0,0.0,0.0,0.0,0.0,0.0,0.0,0.0,0.0,manta-ray
0.9364607930930453,0.8333333333333334,0.5169646567384052,0.25,2.852873794770615,0.5833333333333334,1.1785113019775793,0.017914655726142318,-0.010227699317122294,-0.00954513563005066,0.6300014048690278,-2.1408734826608207,1.73483980602072,-0.4189796981099956,0.3934004747375417,0.0037145187989291034,-6.789989102534186,-3.814074834290354,46.75978184660459,-171.86989764584405,123.69006752597979,-15.524110996754258,3.814074834290354,-0.01411709996404177,0.066088075418801,0.021740658913657607,0.15110070410674917,0.0,0.8888888888888888,0.009671749172306086,0.06776730699544599,-0.061734138353145306,91.18627982002904,101.89103539664336,48.606233159368976,0.9692347698606567,193.70708806794667,54.07551584089624,130.13650443156394,-0.861664992736384,1.9051413703948439,1.8421052631578947,0.4756617506474332,1.1071428571428572,2.8333333333333335,1.5841176470588234,2.0500312695434646,0.14249497590344645,0.0,0.0,1.0,0.0,0.0,0.0,0.0,0.0,0.0,shark
1.3551883926782504,1.2527746981977423,0.8500300285001838,0.18633899812498247,4.330928820062094,0.60667582410671,1.8408935028645432,0.003916210001742508,0.00480980685026623,-0.029596960374972614,0.7460745425944184,-1.5822051182626373,2.828615788618765,-0.3281930427982551,0.4325376698153147,-0.00784443392042109,-41.56100795898381,-120.01836742760908,143.6391753987773,-175.2363583092738,180.0,-167.47119229084848,146.30993247402023,0.0016217037623236258,0.0612374679714105,0.02948390747134255,0.11252308475368301,0.00037104813951851877,0.626099033699941,0.013329647619353293,0.0596267637687756,-0.02363404657006872,219.86035714127345,229.36021589275686,104.82825086251388,28.815143162301503,426.08784680166167,146.63602405405874,262.6517076072307,-0.8735655138876055,1.842695436241208,1.4843597262952102,1.050482371136111,0.6551724137931034,5.571428571428571,1.0315789473684212,2.1052631578947367,-0.24272356246574892,0.38813559322033897,0.6101694915254238,0.0,0.0,0.0,1.0,0.0,0.0,0.0,manta-ray
1.1932065852396032,1.3437096247164249,0.40144673199890557,0.18633899812498247,1.5920810978785667,0.9427213285450291,1.509230856356236,-0.053005149382865505,0.005503630980415379,0.008287464337387362,0.4541055927694717,-1.2327765323688844,1.0386874330477485,-0.11387467368381726,0.2483714731621418,-0.007543293601178636,5.114825924963626,6.009005957494525,20.85728967501687,-61.38954033403479,90.0,0.0,7.242423103824209,0.013396137252314227,0.07706368509310255,0.0065708005577001264,0.24095178813486104,0.00028680762881655523,1.3416407864998738,0.0003366814819355075,0.022710804474638642,-0.06944967561002505,150.28424320985064,162.0763534817089,88.78255813010746,2.242228524793209,296.55433522813917,66.90398161487444,231.82061344825797,-0.9270487982930115,1.8273543674121546,1.6842105263157894,0.4308191933644707,1.0,2.6875,1.5321548821548823,2.027027027027027,0.0363410992546534,0.0,0.7358870967741935,0.2318548387096774,0.0,0.0,0.0,0.5,0.0,0.5,shark
0.8085798838883343,0.8333333333333334,0.309402533733989,0.16666666666666666,1.6749792701868151,0.5833333333333334,1.0,-0.03197937563064837,-0.009118474257175456,0.0,0.4551788948593527,-1.0031244578286027,0.9166666666666666,-0.32917703157325917,0.16251036490659243,0.012333594839672215,-0.9805062234191778,0.0,16.150623834487494,-170.53767779197437,15.945395900922854,0.0,5.194428907734806,-0.0193133082716929,0.03559673913334309,0.008886431746235527,0.060776355169599124,0.0,0.25,0.0,0.032439853661792986,-0.06454783680378456,68.52129566342747,68.93716423123959,38.39765354107,0.9478008918608775,132.09570571895117,35.12298450895546,99.81733738908603,-0.7754719320727778,1.8206516244304134,1.8620689655172413,0.19474000900662405,1.5277777777777777,2.3333333333333335,1.6147642679900747,1.9285714285714286,-0.005340264728161816,0.0,1.0,0.0,0.0,0.0,0.0,0.0,0.0,0.0,shark
2.731503259451328,2.834558558615825,0.8571814677760756,1.0172129679778086,3.758324094593227,2.214221709264404,3.3343748372904263,0.20008344912678291,-0.18623849419188052,-0.3792015909690911,0.4967094091491396,-0.8578314625349943,0.7487747747175084,-0.5932274700573386,0.17499076125989355,0.1219479327891625,9.905619223791854,13.671307132195833,27.25458888213397,-47.72631099390626,55.4914770123316,1.273030020056711,24.304549265936718,-0.02426126296775191,0.02415763740729555,0.011491650703650044,0.02797448003309575,7.8051814991265e-05,0.09731815431669139,0.0075716603569497025,0.03421922027522939,0.06310892218699973,104.47867169139606,111.52506444741468,52.15229871193815,1.01980390271855,188.51726711365194,60.99446565063592,154.87756238278797,-0.8188538241125213,1.6331386339090896,1.6229508196721312,0.33557918049740687,0.9761904761904762,2.3076923076923075,1.492063492063492,1.8545454545454545,0.07502021866014286,0.6291390728476821,0.33774834437086093,0.0,0.6,0.0,0.4,0.0,0.0,0.0,manta-ray
0.35137148185544775,0.3535533905932738,0.1202279019419929,0.0,0.5270462766947299,0.3435921354681384,0.4166666666666667,-0.038910050598203766,0.011013978333093722,0.019672331458315817,0.17876052172993223,-0.4166666666666667,0.5270462766947299,-0.03714892397589975,0.07221538996129917,0.045477806056802766,9.596394607982125,14.036243467926479,24.256166273187386,-45.0,56.309932474020215,-11.309932474020213,26.56505117707799,0.0661268028815186,0.11184183588956338,0.1111111111111111,0.09610077457863242,0.0,0.3577708763999663,0.028533602945450938,0.17888543819998312,0.09650087440589031,17.617200887134302,18.139629837763437,9.77382011254583,1.9478871091649512,36.503908497839284,8.220161184814861,25.15895140141222,-0.8595713228855351,1.2736769369653842,1.25,0.09565035197767174,1.1304347826086956,1.5,1.2,1.3163875598086126,0.06612026311256378,0.0,1.0,0.0,0.0,0.0,0.0,0.0,0.0,0.0,manta-ray
1.170244946581753,0.7120003121097942,1.1005971928428986,0.0,4.33413454131528,0.3435921354681384,1.6029486718059454,0.20986706966569926,0.022856562487720805,-0.08333333333333333,0.8820098008551028,-2.1169570450172817,2.314604419375107,-0.5165032522654642,0.6017873746978917,0.003273391586056808,16.500470088855018,19.98310652189998,107.95852986128574,-178.89829388479365,180.0,-14.036243467926479,66.80140948635182,0.014415971607632798,0.1817180648111507,0.017733336063148315,0.4766234301679502,0.0,2.951609730299722,0.0018857320686363871,0.19973522061815657,-0.04525277103494748,106.49782392057811,71.94941701443601,78.21441651157231,35.21712889734677,348.6538777680997,44.35269020479205,149.70904627523612,0.29362186428980563,2.1911588091898357,1.2987012987012987,1.5404706495606808,0.6951219512195121,6.148936170212766,1.1785967399007795,2.958904109589041,0.10874724713695146,0.0,0.0,1.0,0.0,0.0,0.0,0.0,0.0,0.0,shark
0.7313525247543098,0.8374896350934076,0.38821342231227113,0.08333333333333333,1.9329022507905338,0.5,0.9204467514322716,-0.029258430569456033,-0.02321504847948317,0.0,0.48432224438385374,-1.6829022507905338,1.2910352085392203,-0.21969467851511815,0.1294080374329395,1.7117902343623684e-16,-53.09736740089114,-159.44395478041653,150.79201149025482,-174.8055710922652,180.0,-174.8055710922652,146.30993247402023,-0.08926605755862091,0.30939831542875745,0.03998894285805988,0.7916360816508354,0.0,3.889087296526011,0.0007420962790370366,0.14400870478924216,-0.042392545809920426,69.40422378621567,70.05241349945057,35.36511951023602,1.9807456039042401,134.09790009518235,43.21196559323977,99.1185094152598,-0.7940763396922064,1.741756899716977,1.763157894736842,0.3276794028396011,1.1666666666666667,2.4482758620689653,1.5,2.0,-0.2582258866611191,0.0,0.010498687664041995,0.9212598425196851,0.0,0.0,0.0,0.4666666666666667,0.0,0.5333333333333333,shark
1.0038419235044658,1.3565683830083088,0.4566015412743165,0.26352313834736496,1.4385563751360058,0.8333333333333334,1.4180593771040815,0.8213857328635563,-0.08039352064912354,-0.08198799212769692,0.5410388796778219,-0.5698101949859684,0.7718897084693391,-0.5232350496749755,0.5584202833200802,0.781188698972952,3.848030055057707,0.0,10.706130722028833,-10.619655276155136,18.43494882292201,-7.964741457116352,10.007979801441337,-0.4149401529927288,0.08377504037370971,0.022949138327004216,0.12287686523949386,0.0046653780915180566,0.31622776601683794,0.009236318150389597,0.029999999999999995,0.6994149763455781,14.428386319072244,16.849072145457242,9.162465391096847,1.3224899212609509,33.90036421452651,4.998750274019281,20.06993160564414,0.6948972747601562,1.3645039493240392,1.206896551724138,0.17846525108090427,1.1785714285714286,1.5714285714285714,1.206896551724138,1.5555555555555556,0.07992983338805465,1.0,0.0,0.0,0.0,0.0,0.0,0.0,0.0,0.0,manta-ray
1.3011316407888351,1.4142135623730951,0.675260102793415,0.37267799624996495,2.251542681017716,0.42491829279939874,1.7989194287435752,-0.09056470062191609,0.11583579925573483,-0.031152475777206368,1.0676100243832736,-1.395088956716404,1.8788646847677513,-1.2480764661183583,0.9892952695736964,-0.04682849800409577,18.72831242277648,38.99099404250548,70.02041561365515,-98.13010235415598,101.30993247402021,-85.23635830927383,76.6075022462489,0.1852216500700458,0.1845770238094272,0.019086326713630742,0.2973437658339035,0.0013182235250094325,0.8720665112249181,0.004399775527382962,0.2187449199618206,-0.16282491974775817,14.964085942963589,13.71011179870098,10.92249562111167,0.5028715726645349,47.67065108698107,4.610084578247357,22.362075119007134,-0.20938216574754728,1.2194523152566583,1.1764705882352942,0.1491637528171653,1.0,1.3888888888888888,1.1081081081081081,1.3870967741935485,-0.3814800037749617,0.0,1.0,0.0,0.0,0.0,0.0,0.0,0.0,0.0,manta-ray
0.8183196908370473,0.6718548123582124,0.42653264399619606,0.18633899812498247,1.9184774055368898,0.5068968775248516,1.096078869830492,0.15046773771808714,0.007171322932269123,0.05191519598535299,0.6140161964712192,-1.39143112884216,1.150182034095816,-0.42422405747227954,0.42422405747227954,-0.02215059820638483,47.930026119301075,135.0,146.91556315443813,-177.51044707800085,180.0,-168.11134196037204,171.2538377374448,-0.06574367504902674,0.1786965786245363,0.017864861232124624,0.47844475572421075,0.0,2.146625258399798,0.004507636481503548,0.05533857389364685,-0.06327161878039946,51.440516714961234,51.491713351872605,28.15508770535495,6.403124237432848,112.88183065625616,32.009854251945114,64.86626641161658,-0.9197737902813771,1.7813140116633177,1.72,0.24791210135060027,1.1724137931034482,2.4444444444444446,1.6129032258064515,1.9166666666666667,-0.04385970663027952,1.0,0.0,0.0,0.0,0.0,0.0,0.0,0.0,0.0,manta-ray
0.6756298607094472,0.6919275622340033,0.2829654222809244,0.11785113019775792,1.4240006242195884,0.48640223134348837,0.8498365855987975,-0.07719536184143,-0.003389932714116697,0.0,0.3274431010393045,-0.890406937766851,0.8977536153324377,-0.16205729294788948,0.13715310527018773,-0.006807017606505747,-7.659914273372029,-11.309932474020213,40.292375488335594,-75.96375653207353,180.0,-23.50993158034027,0.9535187085725885,-0.08138659973592435,0.08373297657200023,0.020410314344018618,0.181353611693504,0.0,1.1111111111111112,0.004823114569508815,0.059122615704997245,-0.06320673383841587,133.8497321931128,125.7492353401069,91.68062491402667,5.90803437698332,310.86488711485464,47.59009804781352,211.45209434652793,-0.9419854583255405,1.4912329240329902,1.4642857142857142,0.26765779123524036,0.7142857142857143,2.2,1.3060897435897436,1.6538461538461537,0.13068969132460567,0.33229166666666665,0.6666666666666666,0.0,0.0,0.0,1.0,0.0,0.0,0.0,manta-ray
0.8291702994940758,0.7682953714410741,0.30419867191873506,0.42491829279939874,1.5023130314433288,0.5455160106653804,1.0034662148993578,-0.19896722587389398,0.016577777066475632,0.02909843544912205,0.31166834678132704,-0.7161479371052785,0.7340176600022548,-0.16495793483336085,0.13106339825630842,-0.012971379215944323,72.3612888038946,111.80140948635182,114.63729498213036,-175.2363583092738,180.0,44.94962518173248,156.80140948635182,0.05132003205559057,0.04149861505079336,0.03005275361759718,0.03719611217802577,0.0,0.1357727089418197,0.019082266859878228,0.05459809658177818,-0.06588170155083795,51.26813217758789,49.4029438219985,23.56648741362903,21.628844385895952,113.99824760870844,32.756781053774155,57.87006602456958,-0.8574869243521673,1.3356096126615937,1.3333333333333333,0.09409673295276695,1.1538461538461537,1.6296296296296295,1.2666666666666666,1.3928571428571428,-0.10589454659389799,0.23426573426573427,0.7622377622377622,0.0,1.0,0.0,0.0,0.0,0.0,0.0,manta-ray
1.4722512913111638,1.2610621625351297,0.7848422492665849,0.60667582410671,3.276600541889583,0.7682953714410741,1.7834112132527247,0.19323089096599744,0.025979892389033914,0.027310191505057313,0.5164019556764037,-1.058597330056752,1.0568351831379728,-0.35032693398525594,0.34402980849393616,-0.09605505108407651,-54.634504008311986,-47.48955292199916,39.64646314076291,-142.76516601842533,-4.763641690726177,-82.69424046668918,-14.036243467926479,0.22421039416936864,0.01724178925245837,0.009425484222471827,0.018016368117025214,0.0008657012233036116,0.06380269540571101,0.005596181061053285,0.018160248429224375,0.003526931445918348,91.55544713971253,73.71293292960671,46.87522558760502,44.592700512495945,232.47393796858188,53.67338419850558,117.39322327825012,-0.8331841450444295,0.942950666443189,0.9411764705882353,0.24807233775443396,0.6176470588235294,2.9285714285714284,0.7740112994350282,1.0178571428571428,-0.05938233828844397,0.10256410256410256,0.8937728937728938,0.0,0.0,0.0,1.0,0.0,0.0,0.0,shark
0.7679523586247083,0.5892556509887896,0.5794016547741644,0.0,2.534484387624258,0.3333333333333333,1.1785113019775793,-0.18288961011087226,0.00935031012194887,-0.07221538996129917,0.641629109088507,-1.2194031016286018,1.416450398874363,-0.2687135274267938,0.4166666666666667,0.0015069359004219356,-32.51054027188463,-26.56505117707799,66.84864351496455,-166.75948008481282,169.9920201985587,-52.1250163489018,8.130102354155978,0.009735373822243164,0.14943987977310205,0.03771464137272769,0.39488704863691,0.0,2.0,0.006791712044468405,0.08560080883635286,-0.0358916577658837,35.09279830340362,37.72173166481605,17.201138978980918,6.813885807113849,76.34422574431069,21.032528429437097,47.91100430913588,-0.5463875170615755,1.4489896280007968,1.4127789046653145,0.3085246554150192,0.9210526315789473,1.96875,1.1875,1.8076923076923077,-0.3830403475739246,0.26582278481012656,0.7310126582278481,0.0,0.0,0.0,1.0,0.0,0.0,0.0,manta-ray
0.8331838728145735,0.9316949906249123,0.38336374288445657,0.11785113019775792,1.5,0.5,1.0865337342004413,0.13048279468791218,-0.03405126814296644,-0.07356310261469257,0.44457100042967385,-0.9686826040026834,1.0,-0.24885078672123984,0.24919231920257845,-0.02282261823714217,-5.364440565766195,0.0,112.93913666567435,-173.6598082540901,180.0,-96.3401917459099,6.709836807756933,0.07984843697998395,0.26162520414948587,0.017173002067198385,0.8957158612810382,0.0,4.242640687119284,0.0071779606014100664,0.08944271909999157,-0.07727435242210583,26.674141871719517,25.55969761457989,14.168953740822309,0.7032110530444917,52.04222024090926,14.668836541581303,39.81743176177868,-0.3135073528928862,2.110800654764943,1.9090909090909092,0.6653589037898643,0.9245283018867925,3.03125,1.3846153846153846,2.753787878787879,0.03777269539964565,0.0,1.0,0.0,0.0,0.0,0.0,0.0,0.0,0.0,shark
3.1671681971395276,3.1622776601683795,1.0365688129387478,1.6029486718059454,4.568156691221915,1.9238993967691993,4.166666666666667,0.03027648404877858,0.09339455471348956,-0.46963684387939186,1.276426346187376,-1.6476891435134844,2.644257294452716,-0.9533616032237158,0.9219059247792356,-0.03560944183340858,-6.718351378860729,-8.13010235415598,125.49154627811448,-178.8308606720926,174.05313694602648,-119.7948867704396,161.565051177078,0.29768660903239536,0.012578873784568305,0.005300600645050814,0.01789181437921999,0.0003999999999999999,0.05662424964830936,0.0014056329762772058,0.014059027796545652,-0.07950267916243645,92.14463343451528,89.29470292068007,51.389251901900565,17.964231823264814,224.07932440321218,47.104496866010564,126.22484624054675,0.26612408976617896,2.0587277357931955,2.0576923076923075,0.5254920319117066,1.0375,3.0625,1.78125,2.5245901639344264,-0.22542070308523196,0.0,0.9715909090909091,0.0,0.0,0.0,0.0,0.0,0.0,0.0,shark
3.110337498820497,3.0878345522748174,0.5408024686498073,1.6873713942763822,3.855911767086425,2.616719744684597,3.7509258116422997,0.40797360197785193,-0.02563723239184176,-0.00450121894148392,0.5987923554605027,-1.0638909422601477,1.082957379378613,-0.5777839369378488,0.4924326352085777,0.05903146997752753,1.4847614426489226,1.273030020056711,6.401273512470849,-7.594643368591445,20.22485943116808,-3.814074834290354,5.710593137499642,0.22595238853929014,0.0027630272681303638,0.0020025174862325504,0.004111866807724149,0.00014255556994418044,0.02553642371825769,0.0006464284453161749,0.0034465730139297485,0.13084689098854124,161.6524811668448,165.1020127467633,93.35753372436747,5.468257239887403,318.203820008514,80.4404048339187,240.145312184232,-0.9616291144015545,1.1442779449626168,1.1710801393728223,0.1877739370028352,0.34285714285714286,1.5135135135135136,1.0606060606060606,1.2548076923076923,0.1824789102449498,0.0,0.0,1.0,0.0,0.0,0.0,0.0,0.0,0.0,tuna
0.52325740058002,0.5270462766947299,0.184159565586272,0.08333333333333333,0.9316949906249123,0.4166666666666667,0.6346477588219924,0.05219516520321501,-0.028553399492218173,-0.037207053536220114,0.2283471644622441,-0.42795731698901895,0.43718427093627676,-0.233997827856745,0.09023021085818489,-0.01375704789276544,63.829669772741155,74.05460409907715,110.04018662633337,-165.96375653207352,180.0,60.25511870305778,170.53767779197437,0.0511285924841246,0.280159198980441,0.015847328103759616,0.9271821549259274,0.0,4.0,0.005183417507497699,0.0706170644704448,-0.07534139001291255,18.76417381157909,18.365190349048518,6.268009329131661,8.29391331698378,36.9437568747777,13.910028680090212,23.527504723354348,-0.5124935903325116,1.3105928438035093,1.2857142857142858,0.11781290401549643,0.9166666666666666,1.4705882352941178,1.2413793103448276,1.4321428571428572,-0.21302253824854486,0.0,1.0,0.0,0.0,0.0,0.0,0.0,0.0,0.0,manta-ray
0.8447501225123987,0.7905694150420949,0.3382692139334266,0.3004626062886658,1.8408935028645432,0.6508541396588879,0.9204467514322716,-0.002988878247830064,-0.0022377290878420044,0.0,0.4204400568047735,-1.1587208959751905,1.07739473864393,-0.2165081917912287,0.16666666666666663,-0.004727761525621073,14.685815620070318,14.036243467926479,40.77989420247847,-176.82016988013575,101.30993247402021,-5.194428907734806,40.60129464500447,0.09745526396710164,0.05539382813321547,0.02098965244801573,0.14190036795312572,0.0,1.0129429045635086,0.00496271463371828,0.041322314049586785,-0.017020522227232868,127.76988909481068,120.06856834673698,70.42470141945192,29.135477657346932,292.29848722801586,59.937079701220775,188.01636166199822,-0.824866852327038,1.3977897903297973,1.5,0.23858080926526687,0.8846153846153846,1.793103448275862,1.1851851851851851,1.5862068965517242,-0.32007282940633763,0.12973760932944606,0.8688046647230321,0.0,1.0,0.0,0.0,0.0,0.0,0.0,manta-ray
0.4725661271892509,0.4859126579037751,0.4322746269600501,0.0,1.3359349618234497,0.0,0.8333333333333334,-0.15175629698074206,-0.00023001673267311281,-0.16666666666666666,0.49850165182716777,-0.6666666666666667,0.8500223039196746,-0.5026016284901164,0.5,0.1709429424036549,19.823745060654375,0.0,142.7714988917523,-176.42366562500266,180.0,-120.96375653207352,180.0,-0.05586800823391661,0.023737779579952756,0.0,0.050153145150436534,0.0,0.15132228100809603,0.0,0.018689214139878993,-0.22706192967941613,14.617395657794292,16.57199222411096,4.763166391333458,4.451239711770664,22.269213789393852,11.194935392842003,17.012414015177765,-0.28980560926927573,1.6790541285549745,1.606060606060606,0.43892688679909675,1.0666666666666667,2.264705882352941,1.2727272727272727,2.090909090909091,0.3799395710616288,0.0,0.0,1.0,0.0,0.0,0.0,0.0,0.0,0.0,shark
0.6237224492287828,0.5892556509887896,0.16744227310138485,0.23570226039551584,0.8700255424092126,0.5335936864527374,0.7861650943380504,0.2908823828753674,0.02365631303163578,0.046486227991632934,0.1971542149863001,-0.2978914260572216,0.4151518792633721,-0.11330892893156963,0.08761247358391577,0.02148995554528708,-125.668838201493,-128.6598082540901,13.571758682689463,-153.434948822922,-98.13010235415598,-135.0,-116.56505117707799,0.28070928054694755,0.03480222069536689,0.022847232491513703,0.03185133403714104,0.004197930489603152,0.13258252147247765,0.016618232287249082,0.037744154437702515,0.041106443499098776,30.747371035045212,29.281983710770994,18.108835111298347,3.593555315464086,70.03060568657503,15.849936965982913,42.20196263175581,-0.947048184585232,1.3934393312037878,1.3214285714285714,0.18953272789132014,1.1333333333333333,1.8571428571428572,1.24,1.5714285714285714,-0.19372819504362024,0.5392670157068062,0.45549738219895286,0.0,0.0,0.0,1.0,0.0,0.0,0.0,manta-ray
1.2146653431493377,1.1931517552730295,0.20005050091747698,0.8498365855987975,1.5206906325745548,1.0069204977995476,1.3565683830083088,-0.6234166965703722,-0.0031262343284222415,0.05677431021693269,0.1857337347284092,-0.31683008106786925,0.20307494083773014,-0.1899017163416421,0.1862312574734819,-0.2537962167123241,12.376012965932823,11.309932474020213,7.180400350371954,0.0,24.44395478041654,9.462322208025617,18.43494882292201,0.28167268156236636,0.011156099245197088,0.012470773663871301,0.006972035514750317,0.0013908568683032865,0.02640024896090938,0.0063245553203367605,0.015306122448979588,-0.33839412065266916,28.752387702441297,27.51514940377424,16.42759370904254,2.108400216733736,58.302557479211664,15.851021269414996,41.65090314058392,-0.819927204875754,1.6546942556999928,1.6578947368421053,0.12318964825990382,1.5,1.8181818181818181,1.53125,1.76,-0.1913801540879967,0.0,1.0,0.0,0.0,0.0,0.0,0.0,0.0,0.0,manta-ray
0.5311946236532146,0.5068968775248516,0.12206626494034911,0.3435921354681384,0.6871842709362768,0.37267799624996495,0.6718548123582124,0.27445410867831416,-0.030346271112070066,0.0825991613694228,0.1636273607039677,-0.2991768161082475,0.13421888127488663,-0.18718427093627676,0.09792861994748714,0.14417503568890108,-27.327182184097868,-153.434948822922,166.7162677830626,-171.86989764584405,180.0,-170.53767779197437,172.8749836510982,0.039763970309350465,0.07081528229314908,0.035545726984942114,0.0740244234922612,0.010700101104544104,0.22360679774997896,0.016970562748477136,0.1426680147272547,0.21176019477631464,12.193680567686116,11.715327092697326,6.674877497316337,0.3399346342395554,29.73856456223501,6.401735875699864,17.78713642558073,-0.3236403007785719,1.8058594539859707,1.7837837837837838,0.2003785256236978,1.5185185185185186,2.1666666666666665,1.6571428571428573,1.84375,0.006949055124152539,0.0,0.0,1.0,0.0,0.0,0.0,0.0,0.0,0.0,manta-ray
1.021656762143489,1.1118053386771944,0.3232123955497593,0.4166666666666667,1.4264368973853074,0.7168604389202189,1.346291201783626,-0.17638461312544548,-0.05392303344701562,-0.07153632338542981,0.4451444068142494,-1.0097702307186407,0.629430762863407,-0.16294953972100168,0.4195163995857598,-0.25229122343585914,18.84813603198707,12.994616791916506,10.900477375069746,6.709836807756933,36.86989764584402,7.125016348901798,24.44395478041654,-0.01999401524594577,0.04715396179597198,0.012571547124242565,0.0927531557635029,0.0025265113112220064,0.34400000000000003,0.00782624030631253,0.026715173603829523,-0.1250402671992616,27.20381154403517,26.757975530458346,15.779209206878853,0.5173850375215061,54.172541374770205,13.584991749196607,40.81164803552965,-0.7788293071475093,1.4996360817163699,1.5197928227894932,0.17215670942680603,1.0833333333333333,1.8409090909090908,1.4064327485380117,1.6340909090909093,0.372204654533445,0.0,1.0,0.0,0.0,0.0,0.0,0.0,0.0,0.0,shark
0.37312747080016523,0.26352313834736496,0.3291839094012082,0.0,2.3048861143232218,0.18633899812498247,0.4166666666666667,-0.022981829938592657,-0.0002768807235114286,0.0,0.3298954506309528,-1.5928858022134276,1.3216939958896683,-0.08333333333333331,0.10300566479164915,-0.008903003810115027,6.828878922815269,0.0,56.33651185972599,-165.96375653207352,180.0,-9.462322208025617,9.462322208025617,0.023693471607590513,0.23495421649245038,0.057067205890901876,0.7619527550823174,0.0,8.0,0.002028495320391478,0.1875,-0.030750962684053494,101.17252377035427,103.55523568792827,56.40253575237492,1.4090915043845085,193.56474848137296,54.52615324737192,151.55957005258773,-0.9015902881034699,2.341026459847017,2.3714285714285714,0.42956203983911484,1.2258064516129032,3.6551724137931036,2.2439024390243905,2.6363636363636362,-0.14131376517213157,0.0,1.0,0.0,0.0,0.0,0.0,0.0,0.0,0.0,shark
1.127905090936036,1.0865337342004413,0.28033919439110083,0.8333333333333334,1.6094339929856638,0.8700255424092126,1.4264368973853074,-0.2597501919701128,0.12798120165341983,0.05042120902305902,0.5753457494495255,-0.7761006596523304,1.373731732590148,-0.2165081917912287,0.32917703157325917,-0.26067456658528787,171.9625946552714,174.28940686250036,6.9760186390450265,158.74949449286677,180.0,166.75948008481282,175.6012946450045,-0.15951107056866276,0.016350208293237134,0.005582858245541163,0.02041310437809298,0.0030539324953691525,0.06999999999999998,0.0050689032873686675,0.01706821441785186,-0.2514208930475635,29.997896513879976,28.52252460771092,17.254415391269344,2.6757734047578996,70.44041503998902,16.405272121192073,40.85344114815814,-0.6767304493325379,2.1968622190031395,2.1627906976744184,0.2713244218542032,1.78,2.7058823529411766,1.9565217391304348,2.3777777777777778,-0.2482343549359077,0.0,1.0,0.0,0.0,0.0,0.0,0.0,0.0,0.0,shark
1.2831370593336486,1.25,0.7019087280812096,0.18633899812498247,3.0046260628866577,0.75,1.717960677340692,0.10347665357830918,0.023486492103183147,0.051378564375278546,0.9353849905070334,-2.117817720957592,2.2546260628866577,-0.4972780832116517,0.5698101949859684,-0.01227219060545949,-12.293174763676022,45.0,152.09943828906125,-176.98721249581666,180.0,-169.69515353123398,149.03624346792648,0.217715859368378,0.08291253626833063,0.017864861232124624,0.1750150059343131,0.0,0.8049844718999242,0.005118584685831666,0.05656854249492379,0.015244945353959835,119.67825052056963,130.0404071962762,65.52391902792428,3.039132242322599,276.8024296185549,71.0940725688371,142.76787836911038,-0.6209095677341754,1.776760419926939,1.8,0.23783842600903743,1.3409090909090908,2.6,1.6136363636363635,1.9166666666666667,3.743293310900424e-06,0.9453551912568307,0.04918032786885246,0.0,0.5,0.0,0.5,0.0,0.0,0.0,manta-ray
1.6474323071141839,1.6666666666666667,0.43388761234114975,0.25,2.6666666666666665,1.3359349618234497,1.8333333333333333,0.24779346814533632,-0.050231774594818035,-0.07438761349689216,0.4268665703464437,-1.082168059601035,0.8349993338661341,-0.2493084832983845,0.1663780696198791,-0.047006062510868946,-2.759662192262449,-171.0273733851036,176.2346204910182,-177.7974018382342,180.0,-176.18592516570965,180.0,0.06876208063020812,0.0049066096729160616,0.002724672473757277,0.01123171163613613,0.0,0.1111111111111111,0.0009765625,0.005184010688592789,-0.04095181293169904,160.74589961264485,159.0742043243602,93.83158472466432,3.051741889476531,332.67698072742945,77.07676236955645,243.97461120913408,-0.9490943823109994,1.0202088309777597,1.0555555555555556,0.14047157090119253,0.48,1.2285714285714286,0.906423034330011,1.1436011904761905,0.26430187999090893,0.0,1.0,0.0,0.0,0.0,0.0,0.0,0.0,0.0,tuna
1.5748170517699827,1.0034662148993578,1.282098029446607,0.3004626062886658,5.197488709837558,0.5335936864527374,2.530371075114829,0.2864000601739001,0.1115409138037012,0.028074555672722434,1.0183712213028913,-2.1524294662824905,3.4297217568711895,-0.19000915744004326,0.5587249925599687,-0.0026732924640516294,-11.328667678358983,17.102728969052375,127.02914240207433,-178.7811247648687,180.0,-156.80140948635182,51.34019174590991,0.0175443714216958,0.07276986236317624,0.015236464574498159,0.1324297083505297,0.0010181821284749727,0.6285393610547089,0.005563786329358544,0.06557298843684162,0.06959043387781016,111.6066027549604,98.67552297665932,66.17244123626266,11.848878710888702,315.7915420081049,74.37361428875839,117.63478193447138,0.848098422792708,1.249765392241615,1.0571428571428572,0.4433234062649384,0.3225806451612903,2.3916083916083917,0.9876543209876543,1.6057692307692308,-0.01166158459385716,0.0,0.022364217252396165,0.9712460063897763,0.0,0.0,0.0,0.0,0.0,1.0,shark
1.256876169912828,1.4385563751360058,0.4364933104651803,0.44876373392787533,1.699673171197595,1.1931517552730295,1.5297966458904848,0.25267692136587544,-0.15319670411374708,0.16987652530711017,0.5047010139689921,-0.9897926412081304,0.5013824536547398,-0.5065214159245655,0.24540461986297624,0.2668638127341681,158.08218024707702,167.90524292298792,39.46343489742688,-142.12501634890182,169.9920201985587,158.19859051364818,168.6900675259798,-0.1615139873756305,0.028775478072225698,0.004849270421687035,0.046336977215138825,0.0013627908210138108,0.12166246294358568,0.0017495167843192714,0.013671557497613788,0.11685477783973007,22.278829501940848,22.4872897587068,12.954532130245541,0.7083290928701753,44.81040413050415,10.520370748792189,33.26323656192219,-0.02730491418336164,1.7124825952875375,1.7096774193548387,0.15164854401410874,1.4444444444444444,2.032258064516129,1.6285714285714286,1.75,-0.3128757247558702,0.0,0.0,1.0,0.0,0.0,0.0,0.0,0.0,0.0,shark
3.022939538393849,2.7950849718747373,1.779056581720986,0.08333333333333333,8.58980338670346,1.6180406532456333,4.289845892077917,-0.007776809081640346,0.027485200338169122,-0.24474807532214382,2.435450577011997,-4.9173610628925,4.588935425317525,-1.4720950262929895,1.5931864254243198,0.018162994303985165,0.7176545104206644,4.513988458001263,99.88181933705381,-179.0451587461278,180.0,-24.51964268819076,19.536654938128386,-0.03285103570642437,1.421403148944576,0.004836308260824145,7.096934936584475,9.036361684093553e-06,38.0,0.001029144682023539,0.015273554563842315,-0.042655361792258206,156.46860132386522,156.79961038820622,86.24717616935585,12.344905472813926,342.25311786911846,75.86352340785025,227.97383606582872,0.05401804354983876,2.9378223405785917,2.6875,1.132073167236231,1.489795918367347,5.448979591836735,1.9716297786720323,3.6511627906976742,0.24266304544463557,0.0,0.0,1.0,0.0,0.0,0.0,0.0,0.0,0.0,shark
0.585107932098676,0.42491829279939874,0.46512743711499055,0.0,1.4264368973853074,0.25,1.0671873729054748,0.24832345953082383,-0.04991022779679885,0.08333333333333333,0.4705785612139235,-1.1629137590379424,0.8255116848079759,-0.28565965476591293,0.29895218404063595,6.409875621278547e-17,-11.666583662813935,-6.709836807756933,58.573482962314785,-135.0,108.43494882292201,-33.690067525979785,28.300755766006382,0.07018241853306834,0.27291533318850614,0.03110251111182435,0.4853280072029741,0.0,1.5495160534825059,0.009112037889021265,0.19201160638565623,-0.10329592193338558,23.07820003850999,20.896618911731036,9.404988688207315,9.108963096373094,49.191926539571796,15.160389382266889,31.738546731203396,-0.573541380346209,1.6029094182600445,1.7272727272727273,0.25881280400957507,0.96875,2.0,1.6339285714285714,1.7727272727272727,-0.25991649589845967,0.0,0.0365296803652968,0.8401826484018264,0.0,0.0,0.0,0.6666666666666666,0.0,0.3333333333333333,manta-ray
1.2207600734524555,1.0865337342004413,0.5364738133158639,0.16666666666666666,2.6783597799980328,0.9316949906249123,1.5855247992033707,-0.013337882000039929,-0.019041930846639243,-0.14593268224787703,0.7615944540007108,-1.3722846709767231,1.5950264466646995,-0.5884455359863738,0.46143111100849954,0.04671885165830242,14.540528319285631,165.37912601136836,169.22437922255463,-176.98721249581666,180.0,-169.69515353123398,175.2363583092738,0.15105426534621272,0.10134173864140875,0.0073770331410420815,0.44666328786653436,0.0011963267669016777,2.7499999999999996,0.004040177783226093,0.015625,-0.07157036230326547,87.69855868241548,87.62978872510493,51.73544262360385,4.443721430991129,181.55588784216346,42.054359200947935,133.8264490546803,-0.8353757865842708,2.0264122582025705,2.0,0.25757869282938917,1.6857142857142857,2.6666666666666665,1.826086956521739,2.225806451612903,-0.14014174585820735,0.0,1.0,0.0,0.0,0.0,0.0,0.0,0.0,0.0,shark
0.6257765403288846,0.5892556509887896,0.20868791377868343,0.18633899812498247,1.0137937550497031,0.5068968775248516,0.7453559924999299,-0.014227072446358463,-0.030267942098794944,-0.08925565098878963,0.2659567562628697,-0.4128685424723716,0.5068968775248516,-0.2314824991608858,0.10387771122945655,-0.044724486867442265,48.68979138458529,30.96375653207352,64.78448502439869,-56.309932474020215,125.53767779197437,9.462322208025617,113.96248897457819,0.6413996633292764,0.14888272937818867,0.0282842712474619,0.3123846360111767,0.0,1.073312629199899,0.01779472660543456,0.0537401153701776,-0.08534874087619133,15.57842292443189,15.464666489497615,2.8093140239488803,10.40742669064,23.077770599394757,13.342596267167503,17.491398259706628,0.16759468211302217,1.2951391996099078,1.3214285714285714,0.1629175445128069,1.0,1.5416666666666667,1.1333333333333333,1.3846153846153846,0.3049732533582733,0.9504132231404959,0.03305785123966942,0.0,0.5,0.0,0.5,0.0,0.0,0.0,manta-ray
